Checklist	ERC000020	GSC MIxS plant associated																																		
tax_id	scientific_name	sample_alias	sample_title	sample_description	project name	experimental factor	reference for biomaterial	sample volume or weight for DNA extraction	nucleic acid extraction	nucleic acid amplification	target gene	pcr primers	multiplex identifiers	adapters	pcr conditions	sequencing method	sequence quality check	chimera check software	relevant electronic resources	negative control type	positive control type	collection date	geographic location (country and/or sea)	geographic location (latitude)	geographic location (longitude)	broad-scale environmental context	local environmental context	environmental medium	plant product	host common name	host age	host taxid	host life stage	plant body site	host subspecific genetic lineage	climate environment
#units	 	 		 	 	 	 	g	 	 	 	 	 	 	 	 	 	 	 	 	 	 	 	DD	DD	 	 	 	 	 	months	 	 	 	 	 
410658	soil metagenome	ms00315	OR-CL-BO-01	Oilseed rape grown in clay loam from Borders	UK Crop Microbiome Cryobank	Oilseed rape Rhizosphere	Rothamsted Research Station	0.5	Qiagen(TM) Power soil gDNA extraction kit	https://emea.support.illumina.com/downloads/16s_metagenomic_sequencing_library_preparation.html	16S	Forward: 5' CCTACGGGNGGCWGCAG; Reverse: 5' GACTACHVGGGTATCTAATCC 	N/A	Forward overhang: 5' TCGTCGGCAGCGTCAGATGTGTATAAGAGACAG; Reverse overhang: 5' GTCTCGTGGGCTCGGAGATGTGTATAAGAGACAG	"95 C for 3 minutes; 25 cycles of 95 C for 30 seconds, 55 C for 30 seconds, 72 C for 30 seconds; 72 C for 5 minutes; Hold at 4 C"	MiSeq	software	N/A	agmicrobiomebase.org	no-template PCR control	synthetic community of three known bacterial species	2022-02-20	United Kingdom	51.8094	0.3561	environmental system determined by an organism	plant-associated environment	rhizosphere environment	N/A	Oilseed rape	3	3708	flowering	root	Campus	controlled glasshouse
410658	soil metagenome	ms00316	OR-CL-BO-02	Oilseed rape grown in clay loam from Borders	UK Crop Microbiome Cryobank	Oilseed rape Rhizosphere	Rothamsted Research Station	0.5	Qiagen(TM) Power soil gDNA extraction kit	https://emea.support.illumina.com/downloads/16s_metagenomic_sequencing_library_preparation.html	16S	Forward: 5' CCTACGGGNGGCWGCAG; Reverse: 5' GACTACHVGGGTATCTAATCC 	N/A	Forward overhang: 5' TCGTCGGCAGCGTCAGATGTGTATAAGAGACAG; Reverse overhang: 5' GTCTCGTGGGCTCGGAGATGTGTATAAGAGACAG	"95 C for 3 minutes; 25 cycles of 95 C for 30 seconds, 55 C for 30 seconds, 72 C for 30 seconds; 72 C for 5 minutes; Hold at 4 C"	MiSeq	software	N/A	agmicrobiomebase.org	no-template PCR control	synthetic community of three known bacterial species	2022-02-20	United Kingdom	51.8094	0.3561	environmental system determined by an organism	plant-associated environment	rhizosphere environment	N/A	Oilseed rape	3	3708	flowering	root	Campus	controlled glasshouse
410658	soil metagenome	ms00317	OR-CL-BO-03	Oilseed rape grown in clay loam from Borders	UK Crop Microbiome Cryobank	Oilseed rape Rhizosphere	Rothamsted Research Station	0.5	Qiagen(TM) Power soil gDNA extraction kit	https://emea.support.illumina.com/downloads/16s_metagenomic_sequencing_library_preparation.html	16S	Forward: 5' CCTACGGGNGGCWGCAG; Reverse: 5' GACTACHVGGGTATCTAATCC 	N/A	Forward overhang: 5' TCGTCGGCAGCGTCAGATGTGTATAAGAGACAG; Reverse overhang: 5' GTCTCGTGGGCTCGGAGATGTGTATAAGAGACAG	"95 C for 3 minutes; 25 cycles of 95 C for 30 seconds, 55 C for 30 seconds, 72 C for 30 seconds; 72 C for 5 minutes; Hold at 4 C"	MiSeq	software	N/A	agmicrobiomebase.org	no-template PCR control	synthetic community of three known bacterial species	2022-02-20	United Kingdom	51.8094	0.3561	environmental system determined by an organism	plant-associated environment	rhizosphere environment	N/A	Oilseed rape	3	3708	flowering	root	Campus	controlled glasshouse
410658	soil metagenome	ms00318	OR-CL-BO-04	Oilseed rape grown in clay loam from Borders	UK Crop Microbiome Cryobank	Oilseed rape Rhizosphere	Rothamsted Research Station	0.5	Qiagen(TM) Power soil gDNA extraction kit	https://emea.support.illumina.com/downloads/16s_metagenomic_sequencing_library_preparation.html	16S	Forward: 5' CCTACGGGNGGCWGCAG; Reverse: 5' GACTACHVGGGTATCTAATCC 	N/A	Forward overhang: 5' TCGTCGGCAGCGTCAGATGTGTATAAGAGACAG; Reverse overhang: 5' GTCTCGTGGGCTCGGAGATGTGTATAAGAGACAG	"95 C for 3 minutes; 25 cycles of 95 C for 30 seconds, 55 C for 30 seconds, 72 C for 30 seconds; 72 C for 5 minutes; Hold at 4 C"	MiSeq	software	N/A	agmicrobiomebase.org	no-template PCR control	synthetic community of three known bacterial species	2022-02-20	United Kingdom	51.8094	0.3561	environmental system determined by an organism	plant-associated environment	rhizosphere environment	N/A	Oilseed rape	3	3708	flowering	root	Campus	controlled glasshouse
410658	soil metagenome	ms00319	OR-CL-BO-05	Oilseed rape grown in clay loam from Borders	UK Crop Microbiome Cryobank	Oilseed rape Rhizosphere	Rothamsted Research Station	0.5	Qiagen(TM) Power soil gDNA extraction kit	https://emea.support.illumina.com/downloads/16s_metagenomic_sequencing_library_preparation.html	16S	Forward: 5' CCTACGGGNGGCWGCAG; Reverse: 5' GACTACHVGGGTATCTAATCC 	N/A	Forward overhang: 5' TCGTCGGCAGCGTCAGATGTGTATAAGAGACAG; Reverse overhang: 5' GTCTCGTGGGCTCGGAGATGTGTATAAGAGACAG	"95 C for 3 minutes; 25 cycles of 95 C for 30 seconds, 55 C for 30 seconds, 72 C for 30 seconds; 72 C for 5 minutes; Hold at 4 C"	MiSeq	software	N/A	agmicrobiomebase.org	no-template PCR control	synthetic community of three known bacterial species	2022-02-20	United Kingdom	51.8094	0.3561	environmental system determined by an organism	plant-associated environment	rhizosphere environment	N/A	Oilseed rape	3	3708	flowering	root	Campus	controlled glasshouse
410658	soil metagenome	ms00320	OR-CL-YO-01	Oilseed rape grown in clay loam from Yorkshire	UK Crop Microbiome Cryobank	Oilseed rape Rhizosphere	Rothamsted Research Station	0.5	Qiagen(TM) Power soil gDNA extraction kit	https://emea.support.illumina.com/downloads/16s_metagenomic_sequencing_library_preparation.html	16S	Forward: 5' CCTACGGGNGGCWGCAG; Reverse: 5' GACTACHVGGGTATCTAATCC 	N/A	Forward overhang: 5' TCGTCGGCAGCGTCAGATGTGTATAAGAGACAG; Reverse overhang: 5' GTCTCGTGGGCTCGGAGATGTGTATAAGAGACAG	"95 C for 3 minutes; 25 cycles of 95 C for 30 seconds, 55 C for 30 seconds, 72 C for 30 seconds; 72 C for 5 minutes; Hold at 4 C"	MiSeq	software	N/A	agmicrobiomebase.org	no-template PCR control	synthetic community of three known bacterial species	2022-02-20	United Kingdom	51.8094	0.3561	environmental system determined by an organism	plant-associated environment	rhizosphere environment	N/A	Oilseed rape	3	3708	flowering	root	Campus	controlled glasshouse
410658	soil metagenome	ms00321	OR-CL-YO-02	Oilseed rape grown in clay loam from Yorkshire	UK Crop Microbiome Cryobank	Oilseed rape Rhizosphere	Rothamsted Research Station	0.5	Qiagen(TM) Power soil gDNA extraction kit	https://emea.support.illumina.com/downloads/16s_metagenomic_sequencing_library_preparation.html	16S	Forward: 5' CCTACGGGNGGCWGCAG; Reverse: 5' GACTACHVGGGTATCTAATCC 	N/A	Forward overhang: 5' TCGTCGGCAGCGTCAGATGTGTATAAGAGACAG; Reverse overhang: 5' GTCTCGTGGGCTCGGAGATGTGTATAAGAGACAG	"95 C for 3 minutes; 25 cycles of 95 C for 30 seconds, 55 C for 30 seconds, 72 C for 30 seconds; 72 C for 5 minutes; Hold at 4 C"	MiSeq	software	N/A	agmicrobiomebase.org	no-template PCR control	synthetic community of three known bacterial species	2022-02-20	United Kingdom	51.8094	0.3561	environmental system determined by an organism	plant-associated environment	rhizosphere environment	N/A	Oilseed rape	3	3708	flowering	root	Campus	controlled glasshouse
410658	soil metagenome	ms00322	OR-CL-YO-03	Oilseed rape grown in clay loam from Yorkshire	UK Crop Microbiome Cryobank	Oilseed rape Rhizosphere	Rothamsted Research Station	0.5	Qiagen(TM) Power soil gDNA extraction kit	https://emea.support.illumina.com/downloads/16s_metagenomic_sequencing_library_preparation.html	16S	Forward: 5' CCTACGGGNGGCWGCAG; Reverse: 5' GACTACHVGGGTATCTAATCC 	N/A	Forward overhang: 5' TCGTCGGCAGCGTCAGATGTGTATAAGAGACAG; Reverse overhang: 5' GTCTCGTGGGCTCGGAGATGTGTATAAGAGACAG	"95 C for 3 minutes; 25 cycles of 95 C for 30 seconds, 55 C for 30 seconds, 72 C for 30 seconds; 72 C for 5 minutes; Hold at 4 C"	MiSeq	software	N/A	agmicrobiomebase.org	no-template PCR control	synthetic community of three known bacterial species	2022-02-20	United Kingdom	51.8094	0.3561	environmental system determined by an organism	plant-associated environment	rhizosphere environment	N/A	Oilseed rape	3	3708	flowering	root	Campus	controlled glasshouse
410658	soil metagenome	ms00323	OR-CL-YO-04	Oilseed rape grown in clay loam from Yorkshire	UK Crop Microbiome Cryobank	Oilseed rape Rhizosphere	Rothamsted Research Station	0.5	Qiagen(TM) Power soil gDNA extraction kit	https://emea.support.illumina.com/downloads/16s_metagenomic_sequencing_library_preparation.html	16S	Forward: 5' CCTACGGGNGGCWGCAG; Reverse: 5' GACTACHVGGGTATCTAATCC 	N/A	Forward overhang: 5' TCGTCGGCAGCGTCAGATGTGTATAAGAGACAG; Reverse overhang: 5' GTCTCGTGGGCTCGGAGATGTGTATAAGAGACAG	"95 C for 3 minutes; 25 cycles of 95 C for 30 seconds, 55 C for 30 seconds, 72 C for 30 seconds; 72 C for 5 minutes; Hold at 4 C"	MiSeq	software	N/A	agmicrobiomebase.org	no-template PCR control	synthetic community of three known bacterial species	2022-02-20	United Kingdom	51.8094	0.3561	environmental system determined by an organism	plant-associated environment	rhizosphere environment	N/A	Oilseed rape	3	3708	flowering	root	Campus	controlled glasshouse
410658	soil metagenome	ms00324	OR-CY-BU-01	Oilseed rape grown in clay from Buckinghamshire	UK Crop Microbiome Cryobank	Oilseed rape Rhizosphere	Rothamsted Research Station	0.5	Qiagen(TM) Power soil gDNA extraction kit	https://emea.support.illumina.com/downloads/16s_metagenomic_sequencing_library_preparation.html	16S	Forward: 5' CCTACGGGNGGCWGCAG; Reverse: 5' GACTACHVGGGTATCTAATCC 	N/A	Forward overhang: 5' TCGTCGGCAGCGTCAGATGTGTATAAGAGACAG; Reverse overhang: 5' GTCTCGTGGGCTCGGAGATGTGTATAAGAGACAG	"95 C for 3 minutes; 25 cycles of 95 C for 30 seconds, 55 C for 30 seconds, 72 C for 30 seconds; 72 C for 5 minutes; Hold at 4 C"	MiSeq	software	N/A	agmicrobiomebase.org	no-template PCR control	synthetic community of three known bacterial species	2022-02-20	United Kingdom	51.8094	0.3561	environmental system determined by an organism	plant-associated environment	rhizosphere environment	N/A	Oilseed rape	3	3708	flowering	root	Campus	controlled glasshouse
410658	soil metagenome	ms00325	OR-CY-BU-02	Oilseed rape grown in clay from Buckinghamshire	UK Crop Microbiome Cryobank	Oilseed rape Rhizosphere	Rothamsted Research Station	0.5	Qiagen(TM) Power soil gDNA extraction kit	https://emea.support.illumina.com/downloads/16s_metagenomic_sequencing_library_preparation.html	16S	Forward: 5' CCTACGGGNGGCWGCAG; Reverse: 5' GACTACHVGGGTATCTAATCC 	N/A	Forward overhang: 5' TCGTCGGCAGCGTCAGATGTGTATAAGAGACAG; Reverse overhang: 5' GTCTCGTGGGCTCGGAGATGTGTATAAGAGACAG	"95 C for 3 minutes; 25 cycles of 95 C for 30 seconds, 55 C for 30 seconds, 72 C for 30 seconds; 72 C for 5 minutes; Hold at 4 C"	MiSeq	software	N/A	agmicrobiomebase.org	no-template PCR control	synthetic community of three known bacterial species	2022-02-20	United Kingdom	51.8094	0.3561	environmental system determined by an organism	plant-associated environment	rhizosphere environment	N/A	Oilseed rape	3	3708	flowering	root	Campus	controlled glasshouse
410658	soil metagenome	ms00326	OR-CY-BU-03	Oilseed rape grown in clay from Buckinghamshire	UK Crop Microbiome Cryobank	Oilseed rape Rhizosphere	Rothamsted Research Station	0.5	Qiagen(TM) Power soil gDNA extraction kit	https://emea.support.illumina.com/downloads/16s_metagenomic_sequencing_library_preparation.html	16S	Forward: 5' CCTACGGGNGGCWGCAG; Reverse: 5' GACTACHVGGGTATCTAATCC 	N/A	Forward overhang: 5' TCGTCGGCAGCGTCAGATGTGTATAAGAGACAG; Reverse overhang: 5' GTCTCGTGGGCTCGGAGATGTGTATAAGAGACAG	"95 C for 3 minutes; 25 cycles of 95 C for 30 seconds, 55 C for 30 seconds, 72 C for 30 seconds; 72 C for 5 minutes; Hold at 4 C"	MiSeq	software	N/A	agmicrobiomebase.org	no-template PCR control	synthetic community of three known bacterial species	2022-02-20	United Kingdom	51.8094	0.3561	environmental system determined by an organism	plant-associated environment	rhizosphere environment	N/A	Oilseed rape	3	3708	flowering	root	Campus	controlled glasshouse
410658	soil metagenome	ms00327	OR-CY-BU-04	Oilseed rape grown in clay from Buckinghamshire	UK Crop Microbiome Cryobank	Oilseed rape Rhizosphere	Rothamsted Research Station	0.5	Qiagen(TM) Power soil gDNA extraction kit	https://emea.support.illumina.com/downloads/16s_metagenomic_sequencing_library_preparation.html	16S	Forward: 5' CCTACGGGNGGCWGCAG; Reverse: 5' GACTACHVGGGTATCTAATCC 	N/A	Forward overhang: 5' TCGTCGGCAGCGTCAGATGTGTATAAGAGACAG; Reverse overhang: 5' GTCTCGTGGGCTCGGAGATGTGTATAAGAGACAG	"95 C for 3 minutes; 25 cycles of 95 C for 30 seconds, 55 C for 30 seconds, 72 C for 30 seconds; 72 C for 5 minutes; Hold at 4 C"	MiSeq	software	N/A	agmicrobiomebase.org	no-template PCR control	synthetic community of three known bacterial species	2022-02-20	United Kingdom	51.8094	0.3561	environmental system determined by an organism	plant-associated environment	rhizosphere environment	N/A	Oilseed rape	3	3708	flowering	root	Campus	controlled glasshouse
410658	soil metagenome	ms00328	OR-CY-BU-05	Oilseed rape grown in clay from Buckinghamshire	UK Crop Microbiome Cryobank	Oilseed rape Rhizosphere	Rothamsted Research Station	0.5	Qiagen(TM) Power soil gDNA extraction kit	https://emea.support.illumina.com/downloads/16s_metagenomic_sequencing_library_preparation.html	16S	Forward: 5' CCTACGGGNGGCWGCAG; Reverse: 5' GACTACHVGGGTATCTAATCC 	N/A	Forward overhang: 5' TCGTCGGCAGCGTCAGATGTGTATAAGAGACAG; Reverse overhang: 5' GTCTCGTGGGCTCGGAGATGTGTATAAGAGACAG	"95 C for 3 minutes; 25 cycles of 95 C for 30 seconds, 55 C for 30 seconds, 72 C for 30 seconds; 72 C for 5 minutes; Hold at 4 C"	MiSeq	software	N/A	agmicrobiomebase.org	no-template PCR control	synthetic community of three known bacterial species	2022-02-20	United Kingdom	51.8094	0.3561	environmental system determined by an organism	plant-associated environment	rhizosphere environment	N/A	Oilseed rape	3	3708	flowering	root	Campus	controlled glasshouse
410658	soil metagenome	ms00329	OR-CY-YO-01	Oilseed rape grown in clay from Yorkshire	UK Crop Microbiome Cryobank	Oilseed rape Rhizosphere	Rothamsted Research Station	0.5	Qiagen(TM) Power soil gDNA extraction kit	https://emea.support.illumina.com/downloads/16s_metagenomic_sequencing_library_preparation.html	16S	Forward: 5' CCTACGGGNGGCWGCAG; Reverse: 5' GACTACHVGGGTATCTAATCC 	N/A	Forward overhang: 5' TCGTCGGCAGCGTCAGATGTGTATAAGAGACAG; Reverse overhang: 5' GTCTCGTGGGCTCGGAGATGTGTATAAGAGACAG	"95 C for 3 minutes; 25 cycles of 95 C for 30 seconds, 55 C for 30 seconds, 72 C for 30 seconds; 72 C for 5 minutes; Hold at 4 C"	MiSeq	software	N/A	agmicrobiomebase.org	no-template PCR control	synthetic community of three known bacterial species	2022-02-20	United Kingdom	51.8094	0.3561	environmental system determined by an organism	plant-associated environment	rhizosphere environment	N/A	Oilseed rape	3	3708	flowering	root	Campus	controlled glasshouse
410658	soil metagenome	ms00330	OR-CY-YO-02	Oilseed rape grown in clay from Yorkshire	UK Crop Microbiome Cryobank	Oilseed rape Rhizosphere	Rothamsted Research Station	0.5	Qiagen(TM) Power soil gDNA extraction kit	https://emea.support.illumina.com/downloads/16s_metagenomic_sequencing_library_preparation.html	16S	Forward: 5' CCTACGGGNGGCWGCAG; Reverse: 5' GACTACHVGGGTATCTAATCC 	N/A	Forward overhang: 5' TCGTCGGCAGCGTCAGATGTGTATAAGAGACAG; Reverse overhang: 5' GTCTCGTGGGCTCGGAGATGTGTATAAGAGACAG	"95 C for 3 minutes; 25 cycles of 95 C for 30 seconds, 55 C for 30 seconds, 72 C for 30 seconds; 72 C for 5 minutes; Hold at 4 C"	MiSeq	software	N/A	agmicrobiomebase.org	no-template PCR control	synthetic community of three known bacterial species	2022-02-20	United Kingdom	51.8094	0.3561	environmental system determined by an organism	plant-associated environment	rhizosphere environment	N/A	Oilseed rape	3	3708	flowering	root	Campus	controlled glasshouse
410658	soil metagenome	ms00331	OR-CY-YO-03	Oilseed rape grown in clay from Yorkshire	UK Crop Microbiome Cryobank	Oilseed rape Rhizosphere	Rothamsted Research Station	0.5	Qiagen(TM) Power soil gDNA extraction kit	https://emea.support.illumina.com/downloads/16s_metagenomic_sequencing_library_preparation.html	16S	Forward: 5' CCTACGGGNGGCWGCAG; Reverse: 5' GACTACHVGGGTATCTAATCC 	N/A	Forward overhang: 5' TCGTCGGCAGCGTCAGATGTGTATAAGAGACAG; Reverse overhang: 5' GTCTCGTGGGCTCGGAGATGTGTATAAGAGACAG	"95 C for 3 minutes; 25 cycles of 95 C for 30 seconds, 55 C for 30 seconds, 72 C for 30 seconds; 72 C for 5 minutes; Hold at 4 C"	MiSeq	software	N/A	agmicrobiomebase.org	no-template PCR control	synthetic community of three known bacterial species	2022-02-20	United Kingdom	51.8094	0.3561	environmental system determined by an organism	plant-associated environment	rhizosphere environment	N/A	Oilseed rape	3	3708	flowering	root	Campus	controlled glasshouse
410658	soil metagenome	ms00332	OR-CY-YO-04	Oilseed rape grown in clay from Yorkshire	UK Crop Microbiome Cryobank	Oilseed rape Rhizosphere	Rothamsted Research Station	0.5	Qiagen(TM) Power soil gDNA extraction kit	https://emea.support.illumina.com/downloads/16s_metagenomic_sequencing_library_preparation.html	16S	Forward: 5' CCTACGGGNGGCWGCAG; Reverse: 5' GACTACHVGGGTATCTAATCC 	N/A	Forward overhang: 5' TCGTCGGCAGCGTCAGATGTGTATAAGAGACAG; Reverse overhang: 5' GTCTCGTGGGCTCGGAGATGTGTATAAGAGACAG	"95 C for 3 minutes; 25 cycles of 95 C for 30 seconds, 55 C for 30 seconds, 72 C for 30 seconds; 72 C for 5 minutes; Hold at 4 C"	MiSeq	software	N/A	agmicrobiomebase.org	no-template PCR control	synthetic community of three known bacterial species	2022-02-20	United Kingdom	51.8094	0.3561	environmental system determined by an organism	plant-associated environment	rhizosphere environment	N/A	Oilseed rape	3	3708	flowering	root	Campus	controlled glasshouse
410658	soil metagenome	ms00333	OR-CY-YO-05	Oilseed rape grown in clay from Yorkshire	UK Crop Microbiome Cryobank	Oilseed rape Rhizosphere	Rothamsted Research Station	0.5	Qiagen(TM) Power soil gDNA extraction kit	https://emea.support.illumina.com/downloads/16s_metagenomic_sequencing_library_preparation.html	16S	Forward: 5' CCTACGGGNGGCWGCAG; Reverse: 5' GACTACHVGGGTATCTAATCC 	N/A	Forward overhang: 5' TCGTCGGCAGCGTCAGATGTGTATAAGAGACAG; Reverse overhang: 5' GTCTCGTGGGCTCGGAGATGTGTATAAGAGACAG	"95 C for 3 minutes; 25 cycles of 95 C for 30 seconds, 55 C for 30 seconds, 72 C for 30 seconds; 72 C for 5 minutes; Hold at 4 C"	MiSeq	software	N/A	agmicrobiomebase.org	no-template PCR control	synthetic community of three known bacterial species	2022-02-20	United Kingdom	51.8094	0.3561	environmental system determined by an organism	plant-associated environment	rhizosphere environment	N/A	Oilseed rape	3	3708	flowering	root	Campus	controlled glasshouse
410658	soil metagenome	ms00334	OR-SC-HE-01	Oilseed rape grown in silty clay loam from Hertfordshire	UK Crop Microbiome Cryobank	Oilseed rape Rhizosphere	Rothamsted Research Station	0.5	Qiagen(TM) Power soil gDNA extraction kit	https://emea.support.illumina.com/downloads/16s_metagenomic_sequencing_library_preparation.html	16S	Forward: 5' CCTACGGGNGGCWGCAG; Reverse: 5' GACTACHVGGGTATCTAATCC 	N/A	Forward overhang: 5' TCGTCGGCAGCGTCAGATGTGTATAAGAGACAG; Reverse overhang: 5' GTCTCGTGGGCTCGGAGATGTGTATAAGAGACAG	"95 C for 3 minutes; 25 cycles of 95 C for 30 seconds, 55 C for 30 seconds, 72 C for 30 seconds; 72 C for 5 minutes; Hold at 4 C"	MiSeq	software	N/A	agmicrobiomebase.org	no-template PCR control	synthetic community of three known bacterial species	2022-02-20	United Kingdom	51.8094	0.3561	environmental system determined by an organism	plant-associated environment	rhizosphere environment	N/A	Oilseed rape	3	3708	flowering	root	Campus	controlled glasshouse
410658	soil metagenome	ms00335	OR-SC-HE-02	Oilseed rape grown in silty clay loam from Hertfordshire	UK Crop Microbiome Cryobank	Oilseed rape Rhizosphere	Rothamsted Research Station	0.5	Qiagen(TM) Power soil gDNA extraction kit	https://emea.support.illumina.com/downloads/16s_metagenomic_sequencing_library_preparation.html	16S	Forward: 5' CCTACGGGNGGCWGCAG; Reverse: 5' GACTACHVGGGTATCTAATCC 	N/A	Forward overhang: 5' TCGTCGGCAGCGTCAGATGTGTATAAGAGACAG; Reverse overhang: 5' GTCTCGTGGGCTCGGAGATGTGTATAAGAGACAG	"95 C for 3 minutes; 25 cycles of 95 C for 30 seconds, 55 C for 30 seconds, 72 C for 30 seconds; 72 C for 5 minutes; Hold at 4 C"	MiSeq	software	N/A	agmicrobiomebase.org	no-template PCR control	synthetic community of three known bacterial species	2022-02-20	United Kingdom	51.8094	0.3561	environmental system determined by an organism	plant-associated environment	rhizosphere environment	N/A	Oilseed rape	3	3708	flowering	root	Campus	controlled glasshouse
410658	soil metagenome	ms00336	OR-SC-HE-03	Oilseed rape grown in silty clay loam from Hertfordshire	UK Crop Microbiome Cryobank	Oilseed rape Rhizosphere	Rothamsted Research Station	0.5	Qiagen(TM) Power soil gDNA extraction kit	https://emea.support.illumina.com/downloads/16s_metagenomic_sequencing_library_preparation.html	16S	Forward: 5' CCTACGGGNGGCWGCAG; Reverse: 5' GACTACHVGGGTATCTAATCC 	N/A	Forward overhang: 5' TCGTCGGCAGCGTCAGATGTGTATAAGAGACAG; Reverse overhang: 5' GTCTCGTGGGCTCGGAGATGTGTATAAGAGACAG	"95 C for 3 minutes; 25 cycles of 95 C for 30 seconds, 55 C for 30 seconds, 72 C for 30 seconds; 72 C for 5 minutes; Hold at 4 C"	MiSeq	software	N/A	agmicrobiomebase.org	no-template PCR control	synthetic community of three known bacterial species	2022-02-20	United Kingdom	51.8094	0.3561	environmental system determined by an organism	plant-associated environment	rhizosphere environment	N/A	Oilseed rape	3	3708	flowering	root	Campus	controlled glasshouse
410658	soil metagenome	ms00337	OR-SC-HE-04	Oilseed rape grown in silty clay loam from Hertfordshire	UK Crop Microbiome Cryobank	Oilseed rape Rhizosphere	Rothamsted Research Station	0.5	Qiagen(TM) Power soil gDNA extraction kit	https://emea.support.illumina.com/downloads/16s_metagenomic_sequencing_library_preparation.html	16S	Forward: 5' CCTACGGGNGGCWGCAG; Reverse: 5' GACTACHVGGGTATCTAATCC 	N/A	Forward overhang: 5' TCGTCGGCAGCGTCAGATGTGTATAAGAGACAG; Reverse overhang: 5' GTCTCGTGGGCTCGGAGATGTGTATAAGAGACAG	"95 C for 3 minutes; 25 cycles of 95 C for 30 seconds, 55 C for 30 seconds, 72 C for 30 seconds; 72 C for 5 minutes; Hold at 4 C"	MiSeq	software	N/A	agmicrobiomebase.org	no-template PCR control	synthetic community of three known bacterial species	2022-02-20	United Kingdom	51.8094	0.3561	environmental system determined by an organism	plant-associated environment	rhizosphere environment	N/A	Oilseed rape	3	3708	flowering	root	Campus	controlled glasshouse
410658	soil metagenome	ms00338	OR-SC-HE-05	Oilseed rape grown in silty clay loam from Hertfordshire	UK Crop Microbiome Cryobank	Oilseed rape Rhizosphere	Rothamsted Research Station	0.5	Qiagen(TM) Power soil gDNA extraction kit	https://emea.support.illumina.com/downloads/16s_metagenomic_sequencing_library_preparation.html	16S	Forward: 5' CCTACGGGNGGCWGCAG; Reverse: 5' GACTACHVGGGTATCTAATCC 	N/A	Forward overhang: 5' TCGTCGGCAGCGTCAGATGTGTATAAGAGACAG; Reverse overhang: 5' GTCTCGTGGGCTCGGAGATGTGTATAAGAGACAG	"95 C for 3 minutes; 25 cycles of 95 C for 30 seconds, 55 C for 30 seconds, 72 C for 30 seconds; 72 C for 5 minutes; Hold at 4 C"	MiSeq	software	N/A	agmicrobiomebase.org	no-template PCR control	synthetic community of three known bacterial species	2022-02-20	United Kingdom	51.8094	0.3561	environmental system determined by an organism	plant-associated environment	rhizosphere environment	N/A	Oilseed rape	3	3708	flowering	root	Campus	controlled glasshouse
410658	soil metagenome	ms00339	OR-SC-SH-01	Oilseed rape grown in silty clay loam from Shropshire	UK Crop Microbiome Cryobank	Oilseed rape Rhizosphere	Rothamsted Research Station	0.5	Qiagen(TM) Power soil gDNA extraction kit	https://emea.support.illumina.com/downloads/16s_metagenomic_sequencing_library_preparation.html	16S	Forward: 5' CCTACGGGNGGCWGCAG; Reverse: 5' GACTACHVGGGTATCTAATCC 	N/A	Forward overhang: 5' TCGTCGGCAGCGTCAGATGTGTATAAGAGACAG; Reverse overhang: 5' GTCTCGTGGGCTCGGAGATGTGTATAAGAGACAG	"95 C for 3 minutes; 25 cycles of 95 C for 30 seconds, 55 C for 30 seconds, 72 C for 30 seconds; 72 C for 5 minutes; Hold at 4 C"	MiSeq	software	N/A	agmicrobiomebase.org	no-template PCR control	synthetic community of three known bacterial species	2022-02-20	United Kingdom	51.8094	0.3561	environmental system determined by an organism	plant-associated environment	rhizosphere environment	N/A	Oilseed rape	3	3708	flowering	root	Campus	controlled glasshouse
410658	soil metagenome	ms00340	OR-SC-SH-02	Oilseed rape grown in silty clay loam from Shropshire	UK Crop Microbiome Cryobank	Oilseed rape Rhizosphere	Rothamsted Research Station	0.5	Qiagen(TM) Power soil gDNA extraction kit	https://emea.support.illumina.com/downloads/16s_metagenomic_sequencing_library_preparation.html	16S	Forward: 5' CCTACGGGNGGCWGCAG; Reverse: 5' GACTACHVGGGTATCTAATCC 	N/A	Forward overhang: 5' TCGTCGGCAGCGTCAGATGTGTATAAGAGACAG; Reverse overhang: 5' GTCTCGTGGGCTCGGAGATGTGTATAAGAGACAG	"95 C for 3 minutes; 25 cycles of 95 C for 30 seconds, 55 C for 30 seconds, 72 C for 30 seconds; 72 C for 5 minutes; Hold at 4 C"	MiSeq	software	N/A	agmicrobiomebase.org	no-template PCR control	synthetic community of three known bacterial species	2022-02-20	United Kingdom	51.8094	0.3561	environmental system determined by an organism	plant-associated environment	rhizosphere environment	N/A	Oilseed rape	3	3708	flowering	root	Campus	controlled glasshouse
410658	soil metagenome	ms00341	OR-SC-SH-03	Oilseed rape grown in silty clay loam from Shropshire	UK Crop Microbiome Cryobank	Oilseed rape Rhizosphere	Rothamsted Research Station	0.5	Qiagen(TM) Power soil gDNA extraction kit	https://emea.support.illumina.com/downloads/16s_metagenomic_sequencing_library_preparation.html	16S	Forward: 5' CCTACGGGNGGCWGCAG; Reverse: 5' GACTACHVGGGTATCTAATCC 	N/A	Forward overhang: 5' TCGTCGGCAGCGTCAGATGTGTATAAGAGACAG; Reverse overhang: 5' GTCTCGTGGGCTCGGAGATGTGTATAAGAGACAG	"95 C for 3 minutes; 25 cycles of 95 C for 30 seconds, 55 C for 30 seconds, 72 C for 30 seconds; 72 C for 5 minutes; Hold at 4 C"	MiSeq	software	N/A	agmicrobiomebase.org	no-template PCR control	synthetic community of three known bacterial species	2022-02-20	United Kingdom	51.8094	0.3561	environmental system determined by an organism	plant-associated environment	rhizosphere environment	N/A	Oilseed rape	3	3708	flowering	root	Campus	controlled glasshouse
410658	soil metagenome	ms00342	OR-SC-SH-04	Oilseed rape grown in silty clay loam from Shropshire	UK Crop Microbiome Cryobank	Oilseed rape Rhizosphere	Rothamsted Research Station	0.5	Qiagen(TM) Power soil gDNA extraction kit	https://emea.support.illumina.com/downloads/16s_metagenomic_sequencing_library_preparation.html	16S	Forward: 5' CCTACGGGNGGCWGCAG; Reverse: 5' GACTACHVGGGTATCTAATCC 	N/A	Forward overhang: 5' TCGTCGGCAGCGTCAGATGTGTATAAGAGACAG; Reverse overhang: 5' GTCTCGTGGGCTCGGAGATGTGTATAAGAGACAG	"95 C for 3 minutes; 25 cycles of 95 C for 30 seconds, 55 C for 30 seconds, 72 C for 30 seconds; 72 C for 5 minutes; Hold at 4 C"	MiSeq	software	N/A	agmicrobiomebase.org	no-template PCR control	synthetic community of three known bacterial species	2022-02-20	United Kingdom	51.8094	0.3561	environmental system determined by an organism	plant-associated environment	rhizosphere environment	N/A	Oilseed rape	3	3708	flowering	root	Campus	controlled glasshouse
410658	soil metagenome	ms00343	OR-SC-SH-05	Oilseed rape grown in silty clay loam from Shropshire	UK Crop Microbiome Cryobank	Oilseed rape Rhizosphere	Rothamsted Research Station	0.5	Qiagen(TM) Power soil gDNA extraction kit	https://emea.support.illumina.com/downloads/16s_metagenomic_sequencing_library_preparation.html	16S	Forward: 5' CCTACGGGNGGCWGCAG; Reverse: 5' GACTACHVGGGTATCTAATCC 	N/A	Forward overhang: 5' TCGTCGGCAGCGTCAGATGTGTATAAGAGACAG; Reverse overhang: 5' GTCTCGTGGGCTCGGAGATGTGTATAAGAGACAG	"95 C for 3 minutes; 25 cycles of 95 C for 30 seconds, 55 C for 30 seconds, 72 C for 30 seconds; 72 C for 5 minutes; Hold at 4 C"	MiSeq	software	N/A	agmicrobiomebase.org	no-template PCR control	synthetic community of three known bacterial species	2022-02-20	United Kingdom	51.8094	0.3561	environmental system determined by an organism	plant-associated environment	rhizosphere environment	N/A	Oilseed rape	3	3708	flowering	root	Campus	controlled glasshouse
410658	soil metagenome	ms00344	OR-SL-AN-01	Oilseed rape grown in sandy loam from Angus	UK Crop Microbiome Cryobank	Oilseed rape Rhizosphere	Rothamsted Research Station	0.5	Qiagen(TM) Power soil gDNA extraction kit	https://emea.support.illumina.com/downloads/16s_metagenomic_sequencing_library_preparation.html	16S	Forward: 5' CCTACGGGNGGCWGCAG; Reverse: 5' GACTACHVGGGTATCTAATCC 	N/A	Forward overhang: 5' TCGTCGGCAGCGTCAGATGTGTATAAGAGACAG; Reverse overhang: 5' GTCTCGTGGGCTCGGAGATGTGTATAAGAGACAG	"95 C for 3 minutes; 25 cycles of 95 C for 30 seconds, 55 C for 30 seconds, 72 C for 30 seconds; 72 C for 5 minutes; Hold at 4 C"	MiSeq	software	N/A	agmicrobiomebase.org	no-template PCR control	synthetic community of three known bacterial species	2022-02-20	United Kingdom	51.8094	0.3561	environmental system determined by an organism	plant-associated environment	rhizosphere environment	N/A	Oilseed rape	3	3708	flowering	root	Campus	controlled glasshouse
410658	soil metagenome	ms00345	OR-SL-AN-02	Oilseed rape grown in sandy loam from Angus	UK Crop Microbiome Cryobank	Oilseed rape Rhizosphere	Rothamsted Research Station	0.5	Qiagen(TM) Power soil gDNA extraction kit	https://emea.support.illumina.com/downloads/16s_metagenomic_sequencing_library_preparation.html	16S	Forward: 5' CCTACGGGNGGCWGCAG; Reverse: 5' GACTACHVGGGTATCTAATCC 	N/A	Forward overhang: 5' TCGTCGGCAGCGTCAGATGTGTATAAGAGACAG; Reverse overhang: 5' GTCTCGTGGGCTCGGAGATGTGTATAAGAGACAG	"95 C for 3 minutes; 25 cycles of 95 C for 30 seconds, 55 C for 30 seconds, 72 C for 30 seconds; 72 C for 5 minutes; Hold at 4 C"	MiSeq	software	N/A	agmicrobiomebase.org	no-template PCR control	synthetic community of three known bacterial species	2022-02-20	United Kingdom	51.8094	0.3561	environmental system determined by an organism	plant-associated environment	rhizosphere environment	N/A	Oilseed rape	3	3708	flowering	root	Campus	controlled glasshouse
410658	soil metagenome	ms00346	OR-SL-AN-03	Oilseed rape grown in sandy loam from Angus	UK Crop Microbiome Cryobank	Oilseed rape Rhizosphere	Rothamsted Research Station	0.5	Qiagen(TM) Power soil gDNA extraction kit	https://emea.support.illumina.com/downloads/16s_metagenomic_sequencing_library_preparation.html	16S	Forward: 5' CCTACGGGNGGCWGCAG; Reverse: 5' GACTACHVGGGTATCTAATCC 	N/A	Forward overhang: 5' TCGTCGGCAGCGTCAGATGTGTATAAGAGACAG; Reverse overhang: 5' GTCTCGTGGGCTCGGAGATGTGTATAAGAGACAG	"95 C for 3 minutes; 25 cycles of 95 C for 30 seconds, 55 C for 30 seconds, 72 C for 30 seconds; 72 C for 5 minutes; Hold at 4 C"	MiSeq	software	N/A	agmicrobiomebase.org	no-template PCR control	synthetic community of three known bacterial species	2022-02-20	United Kingdom	51.8094	0.3561	environmental system determined by an organism	plant-associated environment	rhizosphere environment	N/A	Oilseed rape	3	3708	flowering	root	Campus	controlled glasshouse
410658	soil metagenome	ms00347	OR-SL-AN-04	Oilseed rape grown in sandy loam from Angus	UK Crop Microbiome Cryobank	Oilseed rape Rhizosphere	Rothamsted Research Station	0.5	Qiagen(TM) Power soil gDNA extraction kit	https://emea.support.illumina.com/downloads/16s_metagenomic_sequencing_library_preparation.html	16S	Forward: 5' CCTACGGGNGGCWGCAG; Reverse: 5' GACTACHVGGGTATCTAATCC 	N/A	Forward overhang: 5' TCGTCGGCAGCGTCAGATGTGTATAAGAGACAG; Reverse overhang: 5' GTCTCGTGGGCTCGGAGATGTGTATAAGAGACAG	"95 C for 3 minutes; 25 cycles of 95 C for 30 seconds, 55 C for 30 seconds, 72 C for 30 seconds; 72 C for 5 minutes; Hold at 4 C"	MiSeq	software	N/A	agmicrobiomebase.org	no-template PCR control	synthetic community of three known bacterial species	2022-02-20	United Kingdom	51.8094	0.3561	environmental system determined by an organism	plant-associated environment	rhizosphere environment	N/A	Oilseed rape	3	3708	flowering	root	Campus	controlled glasshouse
410658	soil metagenome	ms00348	OR-SL-AN-05	Oilseed rape grown in sandy loam from Angus	UK Crop Microbiome Cryobank	Oilseed rape Rhizosphere	Rothamsted Research Station	0.5	Qiagen(TM) Power soil gDNA extraction kit	https://emea.support.illumina.com/downloads/16s_metagenomic_sequencing_library_preparation.html	16S	Forward: 5' CCTACGGGNGGCWGCAG; Reverse: 5' GACTACHVGGGTATCTAATCC 	N/A	Forward overhang: 5' TCGTCGGCAGCGTCAGATGTGTATAAGAGACAG; Reverse overhang: 5' GTCTCGTGGGCTCGGAGATGTGTATAAGAGACAG	"95 C for 3 minutes; 25 cycles of 95 C for 30 seconds, 55 C for 30 seconds, 72 C for 30 seconds; 72 C for 5 minutes; Hold at 4 C"	MiSeq	software	N/A	agmicrobiomebase.org	no-template PCR control	synthetic community of three known bacterial species	2022-02-20	United Kingdom	51.8094	0.3561	environmental system determined by an organism	plant-associated environment	rhizosphere environment	N/A	Oilseed rape	3	3708	flowering	root	Campus	controlled glasshouse
410658	soil metagenome	ms00349	OR-SL-BE-01	Oilseed rape grown in sandy loam from Bedfordshire	UK Crop Microbiome Cryobank	Oilseed rape Rhizosphere	Rothamsted Research Station	0.5	Qiagen(TM) Power soil gDNA extraction kit	https://emea.support.illumina.com/downloads/16s_metagenomic_sequencing_library_preparation.html	16S	Forward: 5' CCTACGGGNGGCWGCAG; Reverse: 5' GACTACHVGGGTATCTAATCC 	N/A	Forward overhang: 5' TCGTCGGCAGCGTCAGATGTGTATAAGAGACAG; Reverse overhang: 5' GTCTCGTGGGCTCGGAGATGTGTATAAGAGACAG	"95 C for 3 minutes; 25 cycles of 95 C for 30 seconds, 55 C for 30 seconds, 72 C for 30 seconds; 72 C for 5 minutes; Hold at 4 C"	MiSeq	software	N/A	agmicrobiomebase.org	no-template PCR control	synthetic community of three known bacterial species	2022-02-20	United Kingdom	51.8094	0.3561	environmental system determined by an organism	plant-associated environment	rhizosphere environment	N/A	Oilseed rape	3	3708	flowering	root	Campus	controlled glasshouse
410658	soil metagenome	ms00350	OR-SL-BE-02	Oilseed rape grown in sandy loam from Bedfordshire	UK Crop Microbiome Cryobank	Oilseed rape Rhizosphere	Rothamsted Research Station	0.5	Qiagen(TM) Power soil gDNA extraction kit	https://emea.support.illumina.com/downloads/16s_metagenomic_sequencing_library_preparation.html	16S	Forward: 5' CCTACGGGNGGCWGCAG; Reverse: 5' GACTACHVGGGTATCTAATCC 	N/A	Forward overhang: 5' TCGTCGGCAGCGTCAGATGTGTATAAGAGACAG; Reverse overhang: 5' GTCTCGTGGGCTCGGAGATGTGTATAAGAGACAG	"95 C for 3 minutes; 25 cycles of 95 C for 30 seconds, 55 C for 30 seconds, 72 C for 30 seconds; 72 C for 5 minutes; Hold at 4 C"	MiSeq	software	N/A	agmicrobiomebase.org	no-template PCR control	synthetic community of three known bacterial species	2022-02-20	United Kingdom	51.8094	0.3561	environmental system determined by an organism	plant-associated environment	rhizosphere environment	N/A	Oilseed rape	3	3708	flowering	root	Campus	controlled glasshouse
410658	soil metagenome	ms00351	OR-SL-BE-03	Oilseed rape grown in sandy loam from Bedfordshire	UK Crop Microbiome Cryobank	Oilseed rape Rhizosphere	Rothamsted Research Station	0.5	Qiagen(TM) Power soil gDNA extraction kit	https://emea.support.illumina.com/downloads/16s_metagenomic_sequencing_library_preparation.html	16S	Forward: 5' CCTACGGGNGGCWGCAG; Reverse: 5' GACTACHVGGGTATCTAATCC 	N/A	Forward overhang: 5' TCGTCGGCAGCGTCAGATGTGTATAAGAGACAG; Reverse overhang: 5' GTCTCGTGGGCTCGGAGATGTGTATAAGAGACAG	"95 C for 3 minutes; 25 cycles of 95 C for 30 seconds, 55 C for 30 seconds, 72 C for 30 seconds; 72 C for 5 minutes; Hold at 4 C"	MiSeq	software	N/A	agmicrobiomebase.org	no-template PCR control	synthetic community of three known bacterial species	2022-02-20	United Kingdom	51.8094	0.3561	environmental system determined by an organism	plant-associated environment	rhizosphere environment	N/A	Oilseed rape	3	3708	flowering	root	Campus	controlled glasshouse
410658	soil metagenome	ms00352	OR-SL-BE-04	Oilseed rape grown in sandy loam from Bedfordshire	UK Crop Microbiome Cryobank	Oilseed rape Rhizosphere	Rothamsted Research Station	0.5	Qiagen(TM) Power soil gDNA extraction kit	https://emea.support.illumina.com/downloads/16s_metagenomic_sequencing_library_preparation.html	16S	Forward: 5' CCTACGGGNGGCWGCAG; Reverse: 5' GACTACHVGGGTATCTAATCC 	N/A	Forward overhang: 5' TCGTCGGCAGCGTCAGATGTGTATAAGAGACAG; Reverse overhang: 5' GTCTCGTGGGCTCGGAGATGTGTATAAGAGACAG	"95 C for 3 minutes; 25 cycles of 95 C for 30 seconds, 55 C for 30 seconds, 72 C for 30 seconds; 72 C for 5 minutes; Hold at 4 C"	MiSeq	software	N/A	agmicrobiomebase.org	no-template PCR control	synthetic community of three known bacterial species	2022-02-20	United Kingdom	51.8094	0.3561	environmental system determined by an organism	plant-associated environment	rhizosphere environment	N/A	Oilseed rape	3	3708	flowering	root	Campus	controlled glasshouse
410658	soil metagenome	ms00355	OR-SL-SH-03	Oilseed rape grown in sandy loam from Shropshire	UK Crop Microbiome Cryobank	Oilseed rape Rhizosphere	Rothamsted Research Station	0.5	Qiagen(TM) Power soil gDNA extraction kit	https://emea.support.illumina.com/downloads/16s_metagenomic_sequencing_library_preparation.html	16S	Forward: 5' CCTACGGGNGGCWGCAG; Reverse: 5' GACTACHVGGGTATCTAATCC 	N/A	Forward overhang: 5' TCGTCGGCAGCGTCAGATGTGTATAAGAGACAG; Reverse overhang: 5' GTCTCGTGGGCTCGGAGATGTGTATAAGAGACAG	"95 C for 3 minutes; 25 cycles of 95 C for 30 seconds, 55 C for 30 seconds, 72 C for 30 seconds; 72 C for 5 minutes; Hold at 4 C"	MiSeq	software	N/A	agmicrobiomebase.org	no-template PCR control	synthetic community of three known bacterial species	2022-02-20	United Kingdom	51.8094	0.3561	environmental system determined by an organism	plant-associated environment	rhizosphere environment	N/A	Oilseed rape	3	3708	flowering	root	Campus	controlled glasshouse
410658	soil metagenome	ms00356	OR-SL-SH-04	Oilseed rape grown in sandy loam from Shropshire	UK Crop Microbiome Cryobank	Oilseed rape Rhizosphere	Rothamsted Research Station	0.5	Qiagen(TM) Power soil gDNA extraction kit	https://emea.support.illumina.com/downloads/16s_metagenomic_sequencing_library_preparation.html	16S	Forward: 5' CCTACGGGNGGCWGCAG; Reverse: 5' GACTACHVGGGTATCTAATCC 	N/A	Forward overhang: 5' TCGTCGGCAGCGTCAGATGTGTATAAGAGACAG; Reverse overhang: 5' GTCTCGTGGGCTCGGAGATGTGTATAAGAGACAG	"95 C for 3 minutes; 25 cycles of 95 C for 30 seconds, 55 C for 30 seconds, 72 C for 30 seconds; 72 C for 5 minutes; Hold at 4 C"	MiSeq	software	N/A	agmicrobiomebase.org	no-template PCR control	synthetic community of three known bacterial species	2022-02-20	United Kingdom	51.8094	0.3561	environmental system determined by an organism	plant-associated environment	rhizosphere environment	N/A	Oilseed rape	3	3708	flowering	root	Campus	controlled glasshouse
410658	soil metagenome	ms00357	OR-SL-SH-05	Oilseed rape grown in sandy loam from Shropshire	UK Crop Microbiome Cryobank	Oilseed rape Rhizosphere	Rothamsted Research Station	0.5	Qiagen(TM) Power soil gDNA extraction kit	https://emea.support.illumina.com/downloads/16s_metagenomic_sequencing_library_preparation.html	16S	Forward: 5' CCTACGGGNGGCWGCAG; Reverse: 5' GACTACHVGGGTATCTAATCC 	N/A	Forward overhang: 5' TCGTCGGCAGCGTCAGATGTGTATAAGAGACAG; Reverse overhang: 5' GTCTCGTGGGCTCGGAGATGTGTATAAGAGACAG	"95 C for 3 minutes; 25 cycles of 95 C for 30 seconds, 55 C for 30 seconds, 72 C for 30 seconds; 72 C for 5 minutes; Hold at 4 C"	MiSeq	software	N/A	agmicrobiomebase.org	no-template PCR control	synthetic community of three known bacterial species	2022-02-20	United Kingdom	51.8094	0.3561	environmental system determined by an organism	plant-associated environment	rhizosphere environment	N/A	Oilseed rape	3	3708	flowering	root	Campus	controlled glasshouse
